violence;7;nom
combat;7;nom
femme;5;nom
permettre;5;ver
lieu;5;nom
drame;4;nom
acte;4;nom
république;4;nom
vivre;4;ver
ensemble;4;adv
droit;4;nom
mixité;3;nom
saluer;3;ver
victime;3;nom
égalité;3;nom
loi;3;nom
mener;3;ver
grand;3;adj
vie;3;nom
montrer;3;ver
maison;2;nom
beau;2;adj
projet;2;nom
idée;2;nom
maman;2;nom
face;2;nom
simplement;2;adv
marcher;2;ver
respect;2;nom
développer;2;ver
affirmer;2;ver
cher;2;adj
fadelaamara;2;nr
profond;2;adj
volonté;2;nom
faille;2;nom
coupable;2;adj
façon;2;nom
croyance;2;nom
origine;2;nom
social;2;adj
lutte;2;nom
actif;2;adj
entendre;2;ver
naturellement;2;adv
réalité;2;nom
jeune;2;adj
fille;2;nom
comprendre;2;ver
protéger;2;ver
prendre;2;ver
action;2;nom
chemin;2;nom
mettre;2;ver
heureux;1;adj
participer;1;ver
inauguration;1;nom
oublier;1;ver
naître;1;ver
souffrance;1;nom
sohane;1;nr
samirabellil;1;nr
shérazade;1;nr
intolérable;1;adj
inacceptable;1;adj
barbare;1;nom
mot;1;nom
qualifier;1;ver
monter;1;ver
communautarisme;1;nr
lever;1;ver
vérité;1;nom
écho;1;nom
retentir;1;ver
coeur;1;nom
esprit;1;nom
défendre;1;ver
valeur;1;nom
essentiel;1;nom
primauté;1;nom
dignité;1;nom
homme;1;nom
chance;1;nom
mobiliser;1;ver
nation;1;nom
forme;1;nom
école;1;nom
actuellement;1;adv
conjugal;1;adj
année;1;nom
mois;1;nom
semaine;1;nom
innocent;1;adj
secret;1;nom
familial;1;adj
évoquer;1;ver
excision;1;nom
mariage;1;nom
forcer;1;ver
pur;1;adj
barbarie;1;nom
récemment;1;adv
ilanhalimi;1;nr
benoîtsavean;1;nr
marquer;1;ver
mépris;1;nom
total;1;adj
humain;1;adj
à_juste_titre;1;nr
conviction;1;nom
recherché;1;adj
poursuivre;1;ver
condamner;1;ver
exemplaire;1;adj
domaine;1;nom
également;1;adv
diversité;1;nom
différence;1;nom
agir;1;ver
sexe;1;nom
culture;1;nom
impliquer;1;ver
rénovation;1;nom
urbain;1;adj
particulier;1;adj
casser;1;ver
ghetto;1;nom
plaie;1;nom
situation;1;nom
actuel;1;adj
développement;1;nom
logement;1;nom
bien_sûr;1;adv
discrimination;1;nom
schweitzer;1;nr
animer;1;ver
extrêmement;1;adv
encourager;1;ver
réserve;1;nom
affirmation;1;nom
intransigeant;1;adj
laïcité;1;nom
garantie;1;nom
répression;1;nom
propos;1;nom
sexiste;1;adj
homophobe;1;adj
voir;1;ver
au_delà;1;adv
engagement;1;nom
partisan;1;nom
politique;1;nom
libre;1;adj
normalement;1;adv
renier;1;ver
famille;1;nom
hypothèse;1;nom
refuser;1;ver
soumettre;1;ver
plaindre;1;ver
tradition;1;nom
coutume;1;nom
permanence;1;nom
renforcer;1;ver
adapter;1;ver
efficacement;1;adv
illustrez;1;nr
incarner;1;ver
républicain;1;adj
mobilisation;1;nom
notamment;1;adv
association;1;nom
nombreux;1;adj
bouger;1;ver
chose;1;nom
remercier;1;ver
réalisation;1;nom
sentir;1;ver
ouvrir;1;ver
information;1;nom
soutien;1;nom
échange;1;nom
retrouver;1;ver
engager;1;ver
fraternité;1;nom
surcroît;1;nom
initiative;1;nom
histoire;1;nom
humanité;1;nom
tension;1;nom
apaiser;1;ver
liberté;1;nom
progresser;1;ver
mère;1;nom
soeur;1;nom
invitation;1;nom
accueil;1;nom
terminer;1;ver
rendre;1;ver
service;1;nom
monde;1;nom